<?xml version="1.0" encoding="utf-8" ?>
<dwsync>
<file name="1.jpg" server="C:/MAMP/htdocs/maidsandvalets.ca/" local="130750485569723211" remote="130750485560000000" Dst="2" />
<file name="2.jpg" server="C:/MAMP/htdocs/maidsandvalets.ca/" local="130731769620000000" remote="130731769620000000" Dst="2" />
<file name="3.jpg" server="C:/MAMP/htdocs/maidsandvalets.ca/" local="130731769620000000" remote="130731769620000000" Dst="2" />
<file name="4.jpg" server="C:/MAMP/htdocs/maidsandvalets.ca/" local="130731769620000000" remote="130731769620000000" Dst="2" />
<file name="1.jpg" server="C:/MAMP/htdocs/jessicakirsch.eu/" local="130731769620000000" remote="130731769620000000" Dst="2" />
<file name="2.jpg" server="C:/MAMP/htdocs/jessicakirsch.eu/" local="130731769620000000" remote="130731769620000000" Dst="2" />
<file name="3.jpg" server="C:/MAMP/htdocs/jessicakirsch.eu/" local="130731769620000000" remote="130731769620000000" Dst="2" />
<file name="4.jpg" server="C:/MAMP/htdocs/jessicakirsch.eu/" local="130731769620000000" remote="130731769620000000" Dst="2" />
</dwsync>